From,To,Line,Load
Acton Town,Chiswick Park,District,117490.60576512794
Acton Town,Ealing Common,District,112075.86616044544
Acton Town,Ealing Common,Piccadilly,210803.13807658257
Acton Town,South Ealing,Piccadilly,476061.3018148524
Acton Town,Turnham Green,Piccadilly,696734.3135836481
Aldgate,Liverpool Street LU,H&C and Circle,152825.04980517717
Aldgate,Liverpool Street LU,Metropolitan,86966.73915361428
Aldgate,Tower Hill,H&C and Circle,159783.4510093084
Aldgate East,Liverpool Street LU,H&C and Circle,263703.4982314346
Aldgate East,Tower Hill,District,654021.3446678428
Aldgate East,Whitechapel,District,557824.5263244152
Aldgate East,Whitechapel,H&C and Circle,197764.8537633284
Alperton,Park Royal,Piccadilly,183846.0678254929
Alperton,Sudbury Town,Piccadilly,146903.8138499308
Amersham,Chalfont & Latimer,Metropolitan,14029.8681724301
Angel,King's Cross St. Pancras,Northern,1003682.0433413184
Angel,Old Street,Northern,985154.3590699084
Archway,Highgate,Northern,537241.0231159808
Archway,Tufnell Park,Northern,637336.6829411815
Arnos Grove,Bounds Green,Piccadilly,218983.965495528
Arnos Grove,Southgate,Piccadilly,160652.42430264212
Arsenal,Finsbury Park LU,Piccadilly,533258.2380942046
Arsenal,Holloway Road,Piccadilly,621193.4994006658
Baker Street,Bond Street,Jubilee,1085970.063267504
Baker Street,Edgware Road (DIS),H&C and Circle,627672.087406935
Baker Street,Finchley Road,Metropolitan,597445.1925485875
Baker Street,Great Portland Street,H&C and Circle,614907.1566718653
Baker Street,Great Portland Street,Metropolitan,508091.867394678
Baker Street,Marylebone LU,Bakerloo,813485.9451446363
Baker Street,Regent's Park,Bakerloo,781357.8004670221
Baker Street,St. John's Wood,Jubilee,887817.049593832
Balham LU,Clapham South,Northern,815818.7719194129
Balham LU,Tooting Bec,Northern,655142.9100252537
Bank and Monument,Cannon Street LU,District,792453.4613329363
Bank and Monument,Cannon Street LU,H&C and Circle,166247.2163959954
Bank and Monument,Liverpool Street LU,Central,1450765.810047156
Bank and Monument,London Bridge LU,Northern,1110680.7340824
Bank and Monument,Moorgate,Northern,1100532.6997675323
Bank and Monument,St. Paul's,Central,1481694.8305783663
Bank and Monument,Tower Hill,District,766058.6716645241
Bank and Monument,Tower Hill,H&C and Circle,153092.20040407692
Bank and Monument,Waterloo LU,Waterloo & City,158113.56955879822
Barbican,Farringdon,H&C and Circle,566812.0278186168
Barbican,Farringdon,Metropolitan,373403.5428483609
Barbican,Moorgate,H&C and Circle,568546.6577932189
Barbican,Moorgate,Metropolitan,366646.0632051533
Barking,East Ham,District,398824.42522161856
Barking,East Ham,H&C and Circle,71231.972844749
Barking,Upney,District,330037.33634053194
Barkingside,Fairlop,Central,78545.2663600781
Barkingside,Newbury Park,Central,108296.12053754984
Barons Court,Earl's Court,Piccadilly,792236.1404468772
Barons Court,Hammersmith (DIS),District,445668.3842630402
Barons Court,Hammersmith (DIS),Piccadilly,775688.2004564039
Barons Court,West Kensington,District,528136.4536052966
Battersea Power Station,Nine Elms,Northern,200033.16197275376
Bayswater,Notting Hill Gate,District,150756.92538728323
Bayswater,Notting Hill Gate,H&C and Circle,187031.32813904004
Bayswater,Paddington TfL,District,160660.1405658079
Bayswater,Paddington TfL,H&C and Circle,112316.29083463944
Becontree,Dagenham Heathway,District,248156.04555738816
Becontree,Upney,District,299653.493682875
Belsize Park,Chalk Farm,Northern,613593.9959439945
Belsize Park,Hampstead,Northern,526874.4760361057
Bermondsey,Canada Water,Jubilee,1642208.1557289036
Bermondsey,London Bridge LU,Jubilee,1626910.758178044
Bethnal Green LU,Liverpool Street LU,Central,1384203.7317395534
Bethnal Green LU,Mile End,Central,1347016.7565537302
Blackfriars LU,Mansion House,District,872045.5649620469
Blackfriars LU,Mansion House,H&C and Circle,186456.6647205798
Blackfriars LU,Temple,District,921704.7336275516
Blackfriars LU,Temple,H&C and Circle,202010.8337891921
Blackhorse Road,Tottenham Hale LU,Victoria,499797.68327005417
Blackhorse Road,Walthamstow Central,Victoria,296040.1131645842
Bond Street,Baker Street,Jubilee,1032480.1183036196
Bond Street,Green Park,Jubilee,1220973.4115458173
Bond Street,Marble Arch,Central,1112732.5683359788
Bond Street,Oxford Circus,Central,1260712.1553631602
Borough,Elephant & Castle LU,Northern,828748.6515074343
Borough,London Bridge LU,Northern,887800.4841077994
Boston Manor,Northfields,Piccadilly,439792.23744765634
Boston Manor,Osterley,Piccadilly,394407.6205337312
Bounds Green,Arnos Grove,Piccadilly,217473.922023081
Bounds Green,Wood Green,Piccadilly,304138.9545529159
Bow Road,Bromley-by-Bow,District,588863.0969336904
Bow Road,Bromley-by-Bow,H&C and Circle,180610.52215114183
Bow Road,Mile End,District,619655.1966921724
Bow Road,Mile End,H&C and Circle,208978.3346156665
Brent Cross,Golders Green,Northern,394620.9367042361
Brent Cross,Hendon Central,Northern,342962.16245450906
Brixton LU,Stockwell,Victoria,453919.1568088932
Bromley-by-Bow,Bow Road,District,579568.4975554538
Bromley-by-Bow,Bow Road,H&C and Circle,188839.37621736887
Bromley-by-Bow,West Ham,District,560566.9853060213
Bromley-by-Bow,West Ham,H&C and Circle,167186.03962703
Buckhurst Hill,Loughton,Central,173630.3665852161
Buckhurst Hill,Woodford,Central,204676.28322966883
Burnt Oak,Colindale,Northern,149955.78262189048
Burnt Oak,Edgware,Northern,87406.37996198487
Caledonian Road,Holloway Road,Piccadilly,635273.4128153466
Caledonian Road,King's Cross St. Pancras,Piccadilly,753523.7142552271
Camden Town (Edgware),Chalk Farm,Northern,666828.6547715078
Camden Town (Edgware),Euston LU,Northern,466468.2513728151
Camden Town (Edgware),Mornington Crescent,Northern,439199.4983497512
Camden Town (High Barnet),Euston LU,Northern,380790.95711266686
Camden Town (High Barnet),Kentish Town,Northern,784093.0181840823
Camden Town (High Barnet),Mornington Crescent,Northern,427089.9508373907
Canada Water,Bermondsey,Jubilee,1589733.8884289
Canada Water,Canary Wharf LU,Jubilee,1528581.2262420987
Canary Wharf LU,Canada Water,Jubilee,1446068.3327640672
Canary Wharf LU,North Greenwich,Jubilee,1260798.901539308
Canning Town,North Greenwich,Jubilee,1071939.406345934
Canning Town,West Ham,Jubilee,933277.8357600276
Cannon Street LU,Bank and Monument,District,809203.6293931394
Cannon Street LU,Bank and Monument,H&C and Circle,171633.93443407738
Cannon Street LU,Mansion House,District,818030.2356112916
Cannon Street LU,Mansion House,H&C and Circle,174485.15175989328
Canons Park,Queensbury,Jubilee,109734.88272509065
Canons Park,Stanmore,Jubilee,65252.5730770954
Chalfont & Latimer,Amersham,Metropolitan,12445.394562411364
Chalfont & Latimer,Chesham,Metropolitan,19231.568675087183
Chalfont & Latimer,Chorleywood,Metropolitan,51148.41756108514
Chalk Farm,Belsize Park,Northern,596532.2389620236
Chalk Farm,Camden Town (Edgware),Northern,704412.5222395386
Chancery Lane,Holborn,Central,1529719.465221319
Chancery Lane,St. Paul's,Central,1483738.0268488894
Charing Cross LU,Embankment,Bakerloo,533905.1574873412
Charing Cross LU,Embankment,Northern,980423.2469000472
Charing Cross LU,Leicester Square,Northern,1051275.8558144695
Charing Cross LU,Piccadilly Circus,Bakerloo,652822.0340372731
Chesham,Chalfont & Latimer,Metropolitan,21256.824728394386
Chigwell,Grange Hill,Central,10325.561667029198
Chigwell,Roding Valley,Central,15072.72969689414
Chiswick Park,Acton Town,District,105013.9194916455
Chiswick Park,Turnham Green,District,121593.672156559
Chorleywood,Chalfont & Latimer,Metropolitan,46638.4840144709
Chorleywood,Rickmansworth,Metropolitan,69366.77670737417
Clapham Common,Clapham North,Northern,1030922.0736417236
Clapham Common,Clapham South,Northern,874509.9683074706
Clapham North,Clapham Common,Northern,993095.8435967144
Clapham North,Stockwell,Northern,1103349.064768467
Clapham South,Balham LU,Northern,771175.3350375226
Clapham South,Clapham Common,Northern,923560.5037534898
Cockfosters,Oakwood,Piccadilly,32368.41164701072
Colindale,Burnt Oak,Northern,145001.47042669135
Colindale,Hendon Central,Northern,271582.1316183095
Colliers Wood,South Wimbledon,Northern,247800.4997597163
Colliers Wood,Tooting Broadway,Northern,366725.3022719139
Covent Garden,Holborn,Piccadilly,868545.702180793
Covent Garden,Leicester Square,Piccadilly,895517.2982048264
Croxley,Moor Park,Metropolitan,48347.98798685618
Croxley,Watford,Metropolitan,33917.682846025804
Dagenham East,Dagenham Heathway,District,161902.4239022983
Dagenham East,Elm Park,District,116194.12141863778
Dagenham Heathway,Becontree,District,250346.71243518608
Dagenham Heathway,Dagenham East,District,161398.9340762328
Debden,Loughton,Central,121913.91089174576
Debden,Theydon Bois,Central,88413.39250122505
Dollis Hill,Neasden,Jubilee,306086.92004228896
Dollis Hill,Willesden Green,Jubilee,385015.6351518163
Ealing Broadway,Ealing Common,District,106444.12622794874
Ealing Broadway,West Acton,Central,154176.30767878654
Ealing Common,Acton Town,District,115814.53849328298
Ealing Common,Acton Town,Piccadilly,213493.27499130412
Ealing Common,Ealing Broadway,District,101965.2677200942
Ealing Common,North Ealing,Piccadilly,204827.08708781903
Earl's Court,Barons Court,Piccadilly,831299.2319049236
Earl's Court,Gloucester Road,District,1049518.108646227
Earl's Court,Gloucester Road,Piccadilly,821881.5885225858
Earl's Court,High Street Kensington,District,272877.8467693412
Earl's Court,Kensington (Olympia),District,4564.990967152641
Earl's Court,West Brompton,District,753838.5316338448
Earl's Court,West Kensington,District,484613.9656376937
East Acton,North Acton,Central,462442.9267673919
East Acton,White City,Central,527812.7438571498
East Finchley,Finchley Central,Northern,364455.32194273366
East Finchley,Highgate,Northern,431467.0974935382
East Ham,Barking,District,411695.5375055656
East Ham,Barking,H&C and Circle,69177.10039091928
East Ham,Upton Park,District,521524.5104556289
East Ham,Upton Park,H&C and Circle,127345.01808562432
East Putney,Putney Bridge,District,445158.0212464655
East Putney,Southfields,District,365311.07860208326
Eastcote,Rayners Lane,Metropolitan,172766.36994252185
Eastcote,Rayners Lane,Piccadilly,38758.70548381876
Eastcote,Ruislip Manor,Metropolitan,142368.88036615925
Eastcote,Ruislip Manor,Piccadilly,34925.851036248496
Edgware,Burnt Oak,Northern,88728.69620713254
Edgware Road (Bak),Marylebone LU,Bakerloo,559149.1672240169
Edgware Road (Bak),Paddington TfL,Bakerloo,608197.1197639677
Edgware Road (DIS),Baker Street,H&C and Circle,655778.0261664281
Edgware Road (DIS),Paddington TfL,District,62509.56655585294
Edgware Road (DIS),Paddington TfL,H&C and Circle,588630.5696059375
Elephant & Castle LU,Borough,Northern,860328.0983454046
Elephant & Castle LU,Kennington (Bank),Northern,785736.9918489947
Elephant & Castle LU,Lambeth North,Bakerloo,142956.04584501687
Elm Park,Dagenham East,District,112997.27303604792
Elm Park,Hornchurch,District,73402.14150981625
Embankment,Charing Cross LU,Bakerloo,559894.5942303247
Embankment,Charing Cross LU,Northern,974010.7021824102
Embankment,Temple,District,945739.1235087784
Embankment,Temple,H&C and Circle,210147.52140652807
Embankment,Waterloo LU,Bakerloo,459094.5825626216
Embankment,Waterloo LU,Northern,905212.1291981604
Embankment,Westminster,District,941711.987682695
Embankment,Westminster,H&C and Circle,217505.46737506505
Epping,Theydon Bois,Central,74161.65081456801
Euston LU,Camden Town (Edgware),Northern,540633.7631619597
Euston LU,Camden Town (High Barnet),Northern,366437.07106839865
Euston LU,King's Cross St. Pancras,Northern,852260.3648681969
Euston LU,King's Cross St. Pancras,Victoria,1830700.2415608093
Euston LU,Mornington Crescent,Northern,831476.1692118304
Euston LU,Warren Street,Northern,1030863.931236078
Euston LU,Warren Street,Victoria,2047395.7760460237
Euston Square,Great Portland Street,H&C and Circle,594089.168289767
Euston Square,Great Portland Street,Metropolitan,497687.08269039006
Euston Square,King's Cross St. Pancras,H&C and Circle,633795.5691196186
Euston Square,King's Cross St. Pancras,Metropolitan,487775.03842672775
Fairlop,Barkingside,Central,83595.60163349718
Fairlop,Hainault,Central,59963.25334588839
Farringdon,Barbican,H&C and Circle,575821.1052816769
Farringdon,Barbican,Metropolitan,394981.7544346473
Farringdon,King's Cross St. Pancras,H&C and Circle,599854.4243108478
Farringdon,King's Cross St. Pancras,Metropolitan,445130.5933024643
Finchley Central,East Finchley,Northern,335574.0236150838
Finchley Central,Mill Hill East,Northern,33338.23641805532
Finchley Central,West Finchley,Northern,221231.35696770975
Finchley Road,Baker Street,Metropolitan,574461.6806178935
Finchley Road,Swiss Cottage,Jubilee,844716.4738506128
Finchley Road,Wembley Park,Metropolitan,726974.5038820044
Finchley Road,West Hampstead LU,Jubilee,580051.0917882699
Finsbury Park LU,Arsenal,Piccadilly,585671.6102780671
Finsbury Park LU,Highbury & Islington,Victoria,1566687.2677840546
Finsbury Park LU,Manor House,Piccadilly,705567.2271421155
Finsbury Park LU,Seven Sisters,Victoria,1062138.3036999474
Fulham Broadway,Parsons Green,District,604251.7956078133
Fulham Broadway,West Brompton,District,692852.0048419436
Gants Hill,Newbury Park,Central,169113.43173511297
Gants Hill,Redbridge,Central,283790.63285893016
Gloucester Road,Earl's Court,District,981111.7121540796
Gloucester Road,Earl's Court,Piccadilly,899702.5933103206
Gloucester Road,High Street Kensington,H&C and Circle,249522.75919913183
Gloucester Road,South Kensington,District,1100996.4065920997
Gloucester Road,South Kensington,H&C and Circle,314881.0230248916
Gloucester Road,South Kensington,Piccadilly,838038.7061378973
Golders Green,Brent Cross,Northern,370678.1231318644
Golders Green,Hampstead,Northern,489054.7868622604
Goldhawk Road,Hammersmith (H&C),H&C and Circle,174300.1193286866
Goldhawk Road,Shepherd's Bush Market,H&C and Circle,207422.33530948192
Goodge Street,Tottenham Court Road,Northern,1072020.0010861722
Goodge Street,Warren Street,Northern,974887.282650491
Grange Hill,Chigwell,Central,10769.446495141136
Grange Hill,Hainault,Central,7360.516435359514
Great Portland Street,Baker Street,H&C and Circle,586887.1941780368
Great Portland Street,Baker Street,Metropolitan,501668.85818524775
Great Portland Street,Euston Square,H&C and Circle,620832.2362633046
Great Portland Street,Euston Square,Metropolitan,503968.8764965076
Green Park,Bond Street,Jubilee,1189946.3442936994
Green Park,Hyde Park Corner,Piccadilly,1222577.736348137
Green Park,Oxford Circus,Victoria,2046811.679666243
Green Park,Piccadilly Circus,Piccadilly,1040811.4005600588
Green Park,Victoria LU,Victoria,1958651.1108681816
Green Park,Westminster,Jubilee,1300317.501107643
Greenford,Northolt,Central,135434.4131787784
Greenford,Perivale,Central,202713.5200177313
Gunnersbury,Kew Gardens,District,169068.8401463351
Gunnersbury,Turnham Green,District,212578.04660378327
Hainault,Fairlop,Central,64161.85982434107
Hainault,Grange Hill,Central,6625.5908871052325
Hammersmith (DIS),Barons Court,District,528982.1609780106
Hammersmith (DIS),Barons Court,Piccadilly,733437.9981819459
Hammersmith (DIS),Ravenscourt Park,District,415888.6001558639
Hammersmith (DIS),Turnham Green,Piccadilly,678571.8940481729
Hammersmith (H&C),Goldhawk Road,H&C and Circle,181354.87145454888
Hampstead,Belsize Park,Northern,541748.0188364399
Hampstead,Golders Green,Northern,464225.3162691796
Hanger Lane,North Acton,Central,269447.9703678015
Hanger Lane,Perivale,Central,215710.78594277307
Harlesden,Stonebridge Park,Bakerloo,84208.84234112964
Harlesden,Willesden Junction,Bakerloo,114423.29163899306
Harrow & Wealdstone,Kenton,Bakerloo,29191.59890704737
Harrow-on-the-Hill,North Harrow,Metropolitan,227356.919624243
Harrow-on-the-Hill,Northwick Park,Metropolitan,547510.5719452098
Harrow-on-the-Hill,West Harrow,Metropolitan,221851.25296069315
Hatton Cross,Heathrow Terminal 4 LU,Piccadilly,35633.05423692428
Hatton Cross,Heathrow Terminals 123 LU,Piccadilly,174610.5206177157
Hatton Cross,Hounslow West,Piccadilly,261102.2640222396
Heathrow Terminal 4 LU,Heathrow Terminals 123 LU,Piccadilly,35384.49774375815
Heathrow Terminal 5 LU,Heathrow Terminals 123 LU,Piccadilly,91950.86661305428
Heathrow Terminals 123 LU,Hatton Cross,Piccadilly,240443.1788576016
Heathrow Terminals 123 LU,Heathrow Terminal 5 LU,Piccadilly,79254.27318438335
Hendon Central,Brent Cross,Northern,365596.129807213
Hendon Central,Colindale,Northern,259258.75043425
High Barnet,Totteridge & Whetstone,Northern,71660.50273247165
High Street Kensington,Earl's Court,District,206659.0786645154
High Street Kensington,Gloucester Road,H&C and Circle,331514.9200019246
High Street Kensington,Notting Hill Gate,District,266588.6181722379
High Street Kensington,Notting Hill Gate,H&C and Circle,200367.9688245805
Highbury & Islington,Finsbury Park LU,Victoria,1451758.499939234
Highbury & Islington,King's Cross St. Pancras,Victoria,1756223.6763165486
Highgate,Archway,Northern,514001.9135936751
Highgate,East Finchley,Northern,455634.84980301047
Hillingdon,Ickenham,Metropolitan,114929.43784441327
Hillingdon,Ickenham,Piccadilly,26519.120580280254
Hillingdon,Uxbridge,Metropolitan,89679.53280904297
Hillingdon,Uxbridge,Piccadilly,23339.97864746217
Holborn,Chancery Lane,Central,1503024.0957507223
Holborn,Covent Garden,Piccadilly,922084.6035309668
Holborn,Russell Square,Piccadilly,848225.2257184105
Holborn,Tottenham Court Road,Central,1374611.1600404666
Holland Park,Notting Hill Gate,Central,770930.7270653017
Holland Park,Shepherd's Bush LU,Central,690623.7893733436
Holloway Road,Arsenal,Piccadilly,564614.813941241
Holloway Road,Caledonian Road,Piccadilly,695713.1463433001
Hornchurch,Elm Park,District,69490.90208448417
Hornchurch,Upminster Bridge,District,47827.7873142195
Hounslow Central,Hounslow East,Piccadilly,342286.36698476865
Hounslow Central,Hounslow West,Piccadilly,270385.11816264514
Hounslow East,Hounslow Central,Piccadilly,313275.60267737147
Hounslow East,Osterley,Piccadilly,395426.2387480623
Hounslow West,Hatton Cross,Piccadilly,233640.79232699983
Hounslow West,Hounslow Central,Piccadilly,297785.4475294502
Hyde Park Corner,Green Park,Piccadilly,1165921.5797614036
Hyde Park Corner,Knightsbridge,Piccadilly,1181111.0922739045
Ickenham,Hillingdon,Metropolitan,108391.2721836586
Ickenham,Hillingdon,Piccadilly,27483.533862314474
Ickenham,Ruislip,Metropolitan,122870.12025520674
Ickenham,Ruislip,Piccadilly,27913.848880448888
Kennington (Bank),Elephant & Castle LU,Northern,816961.2137225963
Kennington (Bank),Oval,Northern,831183.1100793168
Kennington (Charing Cross),Nine Elms,Northern,266138.2394199888
Kennington (Charing Cross),Oval,Northern,94391.93213167206
Kennington (Charing Cross),Waterloo LU,Northern,583559.9019846483
Kensal Green,Queen's Park,Bakerloo,137818.8832424804
Kensal Green,Willesden Junction,Bakerloo,109760.20506210618
Kensington (Olympia),Earl's Court,District,4357.482102539147
Kentish Town,Camden Town (High Barnet),Northern,781330.4741237969
Kentish Town,Tufnell Park,Northern,721881.1619118685
Kenton,Harrow & Wealdstone,Bakerloo,18600.022344818342
Kenton,South Kenton,Bakerloo,41342.295840097286
Kew Gardens,Gunnersbury,District,167839.01977621412
Kew Gardens,Richmond,District,124724.35506475382
Kilburn,West Hampstead LU,Jubilee,548824.1353364895
Kilburn,Willesden Green,Jubilee,422941.388644721
Kilburn Park,Maida Vale,Bakerloo,293900.1489317896
Kilburn Park,Queen's Park,Bakerloo,216110.86169705965
King's Cross St. Pancras,Angel,Northern,1006534.4846066368
King's Cross St. Pancras,Caledonian Road,Piccadilly,658940.2552351876
King's Cross St. Pancras,Euston LU,Northern,865359.4288477543
King's Cross St. Pancras,Euston LU,Victoria,1882247.6934970703
King's Cross St. Pancras,Euston Square,H&C and Circle,618001.3489144944
King's Cross St. Pancras,Euston Square,Metropolitan,488077.4938323793
King's Cross St. Pancras,Farringdon,H&C and Circle,604956.2866775494
King's Cross St. Pancras,Farringdon,Metropolitan,459493.6128755878
King's Cross St. Pancras,Highbury & Islington,Victoria,1667644.2518608691
King's Cross St. Pancras,Russell Square,Piccadilly,913833.6653786649
Kingsbury,Queensbury,Jubilee,168154.17419879712
Kingsbury,Wembley Park,Jubilee,235561.2374785834
Knightsbridge,Hyde Park Corner,Piccadilly,1128295.0136479584
Knightsbridge,South Kensington,Piccadilly,1035748.202986374
Ladbroke Grove,Latimer Road,H&C and Circle,296485.38071630296
Ladbroke Grove,Westbourne Park,H&C and Circle,374290.7987422433
Lambeth North,Elephant & Castle LU,Bakerloo,124336.30806276471
Lambeth North,Waterloo LU,Bakerloo,195723.340418273
Lancaster Gate,Marble Arch,Central,1045576.6816801388
Lancaster Gate,Queensway,Central,961124.616926322
Latimer Road,Ladbroke Grove,H&C and Circle,306768.3611989293
Latimer Road,Wood Lane,H&C and Circle,281983.7855470448
Leicester Square,Charing Cross LU,Northern,1037876.1115751188
Leicester Square,Covent Garden,Piccadilly,901261.1882080506
Leicester Square,Piccadilly Circus,Piccadilly,1001694.5796831328
Leicester Square,Tottenham Court Road,Northern,1104265.1268869336
Leyton,Leytonstone,Central,845334.6272724207
Leyton,Stratford,Central,1025607.9239445349
Leytonstone,Leyton,Central,872223.5347678126
Leytonstone,Snaresbrook,Central,400899.1542017541
Leytonstone,Wanstead,Central,339014.83230869647
Liverpool Street LU,Aldgate,H&C and Circle,173670.21392044588
Liverpool Street LU,Aldgate,Metropolitan,101803.63223380526
Liverpool Street LU,Aldgate East,H&C and Circle,255918.8573458112
Liverpool Street LU,Bank and Monument,Central,1463722.7484978356
Liverpool Street LU,Bethnal Green LU,Central,1415401.0668821202
Liverpool Street LU,Moorgate,H&C and Circle,511762.9748808327
Liverpool Street LU,Moorgate,Metropolitan,275783.2015502018
London Bridge LU,Bank and Monument,Northern,1180962.999849939
London Bridge LU,Bermondsey,Jubilee,1673679.575046847
London Bridge LU,Borough,Northern,857980.0429694285
London Bridge LU,Southwark,Jubilee,1716172.8678658786
Loughton,Buckhurst Hill,Central,173621.43735864593
Loughton,Debden,Central,121150.0097186463
Maida Vale,Kilburn Park,Bakerloo,262320.70215902943
Maida Vale,Warwick Avenue,Bakerloo,345335.1900258895
Manor House,Finsbury Park LU,Piccadilly,725561.674613086
Manor House,Turnpike Lane,Piccadilly,606683.8989682676
Mansion House,Blackfriars LU,District,853667.1999486008
Mansion House,Blackfriars LU,H&C and Circle,182134.1185895652
Mansion House,Cannon Street LU,District,830944.0344563987
Mansion House,Cannon Street LU,H&C and Circle,177115.8516545316
Marble Arch,Bond Street,Central,1151673.1200054116
Marble Arch,Lancaster Gate,Central,1010482.3201474816
Marylebone LU,Baker Street,Bakerloo,667381.639003723
Marylebone LU,Edgware Road (Bak),Bakerloo,676935.0534386302
Mile End,Bethnal Green LU,Central,1302649.3830248597
Mile End,Bow Road,District,627200.0465747509
Mile End,Bow Road,H&C and Circle,197783.97238667065
Mile End,Stepney Green,District,556712.2572763388
Mile End,Stepney Green,H&C and Circle,182191.0338283588
Mile End,Stratford,Central,1208187.450274906
Mill Hill East,Finchley Central,Northern,34483.563247424536
Moor Park,Croxley,Metropolitan,47311.75694860602
Moor Park,Northwood,Metropolitan,144634.5678396856
Moor Park,Rickmansworth,Metropolitan,77337.77784315428
Moorgate,Bank and Monument,Northern,1067590.0351131642
Moorgate,Barbican,H&C and Circle,561749.8763490182
Moorgate,Barbican,Metropolitan,346418.30204008525
Moorgate,Liverpool Street LU,H&C and Circle,518647.5193234463
Moorgate,Liverpool Street LU,Metropolitan,280007.8835509904
Moorgate,Old Street,Northern,1019474.5746179732
Morden,South Wimbledon,Northern,186880.6569597208
Mornington Crescent,Camden Town (Edgware),Northern,381999.8223925289
Mornington Crescent,Camden Town (High Barnet),Northern,420209.7682940701
Mornington Crescent,Euston LU,Northern,911591.6127016012
Neasden,Dollis Hill,Jubilee,342551.2279962795
Neasden,Wembley Park,Jubilee,276723.5523203808
Newbury Park,Barkingside,Central,103344.60501439354
Newbury Park,Gants Hill,Central,181095.4337000904
Nine Elms,Battersea Power Station,Northern,186732.54319200545
Nine Elms,Kennington (Charing Cross),Northern,285890.68428655766
North Acton,East Acton,Central,493133.7183949253
North Acton,Hanger Lane,Central,253471.77822568905
North Acton,West Acton,Central,149019.66112204193
North Ealing,Ealing Common,Piccadilly,206150.2933273272
North Ealing,Park Royal,Piccadilly,199071.1259235885
North Greenwich,Canary Wharf LU,Jubilee,1201087.6371364188
North Greenwich,Canning Town,Jubilee,1101473.012519638
North Harrow,Harrow-on-the-Hill,Metropolitan,248239.46681222497
North Harrow,Pinner,Metropolitan,210055.72966247404
North Wembley,South Kenton,Bakerloo,34931.69967549235
North Wembley,Wembley Central,Bakerloo,55087.32367795022
Northfields,Boston Manor,Piccadilly,412177.09548957297
Northfields,South Ealing,Piccadilly,477710.0575018319
Northolt,Greenford,Central,146852.03525581464
Northolt,South Ruislip,Central,59861.52122379455
Northwick Park,Harrow-on-the-Hill,Metropolitan,523550.25041827577
Northwick Park,Preston Road,Metropolitan,589805.8846024376
Northwood,Moor Park,Metropolitan,130669.12300997895
Northwood,Northwood Hills,Metropolitan,177468.34911602057
Northwood Hills,Northwood,Metropolitan,162417.41574347563
Northwood Hills,Pinner,Metropolitan,196456.39321919088
Notting Hill Gate,Bayswater,District,173819.38939305942
Notting Hill Gate,Bayswater,H&C and Circle,135146.54359021783
Notting Hill Gate,High Street Kensington,District,207290.1094642623
Notting Hill Gate,High Street Kensington,H&C and Circle,268118.35882434674
Notting Hill Gate,Holland Park,Central,730898.2392451628
Notting Hill Gate,Queensway,Central,889762.7331555466
Oakwood,Cockfosters,Piccadilly,32432.22853022553
Oakwood,Southgate,Piccadilly,81303.20730873324
Old Street,Angel,Northern,998755.204879328
Old Street,Moorgate,Northern,1026589.015847715
Osterley,Boston Manor,Piccadilly,422426.36650281504
Osterley,Hounslow East,Piccadilly,368033.0030604253
Oval,Kennington (Bank),Northern,871943.8094854278
Oval,Kennington (Charing Cross),Northern,87843.660426006
Oval,Stockwell,Northern,878501.1912723312
Oxford Circus,Bond Street,Central,1239153.9584204457
Oxford Circus,Green Park,Victoria,1953547.1430709944
Oxford Circus,Piccadilly Circus,Bakerloo,723439.1294772644
Oxford Circus,Regent's Park,Bakerloo,846150.3528697105
Oxford Circus,Tottenham Court Road,Central,1269594.4126604814
Oxford Circus,Warren Street,Victoria,2078414.9124994297
Paddington TfL,Bayswater,District,142502.22114059218
Paddington TfL,Bayswater,H&C and Circle,151251.1132933542
Paddington TfL,Edgware Road (Bak),Bakerloo,575001.7439729724
Paddington TfL,Edgware Road (DIS),District,68004.25475612427
Paddington TfL,Edgware Road (DIS),H&C and Circle,608210.8484016288
Paddington TfL,Royal Oak,H&C and Circle,409788.7355804266
Paddington TfL,Warwick Avenue,Bakerloo,364702.6909485431
Park Royal,Alperton,Piccadilly,181259.17311388504
Park Royal,North Ealing,Piccadilly,199447.8833406759
Parsons Green,Fulham Broadway,District,597809.6972781338
Parsons Green,Putney Bridge,District,530084.6562941622
Perivale,Greenford,Central,191358.8986545051
Perivale,Hanger Lane,Central,228572.3344762649
Piccadilly Circus,Charing Cross LU,Bakerloo,622847.534601897
Piccadilly Circus,Green Park,Piccadilly,1084457.5436359472
Piccadilly Circus,Leicester Square,Piccadilly,926166.1296519596
Piccadilly Circus,Oxford Circus,Bakerloo,807993.8286195045
Pimlico,Vauxhall LU,Victoria,1099516.7191655976
Pimlico,Victoria LU,Victoria,1261588.691809136
Pinner,North Harrow,Metropolitan,228692.5848319844
Pinner,Northwood Hills,Metropolitan,180117.48259191986
Plaistow,Upton Park,District,616753.0955855508
Plaistow,Upton Park,H&C and Circle,154313.19153684363
Plaistow,West Ham,District,656990.7901575491
Plaistow,West Ham,H&C and Circle,191608.0785878448
Preston Road,Northwick Park,Metropolitan,562092.2447832936
Preston Road,Wembley Park,Metropolitan,614258.5377458968
Putney Bridge,East Putney,District,449490.5176522377
Putney Bridge,Parsons Green,District,519982.1546817719
Queen's Park,Kensal Green,Bakerloo,123476.97911079154
Queen's Park,Kilburn Park,Bakerloo,244687.6286655718
Queensbury,Canons Park,Jubilee,107435.19307730228
Queensbury,Kingsbury,Jubilee,172383.97682808942
Queensway,Lancaster Gate,Central,992623.7239163604
Queensway,Notting Hill Gate,Central,852499.4271653565
Ravenscourt Park,Hammersmith (DIS),District,434328.43747055903
Ravenscourt Park,Stamford Brook,District,385267.2329704604
Rayners Lane,Eastcote,Metropolitan,164281.38841064656
Rayners Lane,Eastcote,Piccadilly,40210.06391390076
Rayners Lane,South Harrow,Piccadilly,79250.33700434612
Rayners Lane,West Harrow,Metropolitan,217758.577004442
Redbridge,Gants Hill,Central,265419.0856610525
Redbridge,Wanstead,Central,326816.97163943195
Regent's Park,Baker Street,Bakerloo,820767.399011663
Regent's Park,Oxford Circus,Bakerloo,797742.80308514
Richmond,Kew Gardens,District,122205.9908982268
Rickmansworth,Chorleywood,Metropolitan,59511.6613595926
Rickmansworth,Moor Park,Metropolitan,90059.36627902568
Roding Valley,Chigwell,Central,13745.004711237552
Roding Valley,Woodford,Central,17730.022613730307
Royal Oak,Paddington TfL,H&C and Circle,433350.530576071
Royal Oak,Westbourne Park,H&C and Circle,390651.382188094
Ruislip,Ickenham,Metropolitan,115956.68617809178
Ruislip,Ickenham,Piccadilly,29259.808413156457
Ruislip,Ruislip Manor,Metropolitan,136009.0391545607
Ruislip,Ruislip Manor,Piccadilly,30639.627758336468
Ruislip Gardens,South Ruislip,Central,39605.81818208134
Ruislip Gardens,West Ruislip,Central,21024.84472730389
Ruislip Manor,Eastcote,Metropolitan,149386.9559796255
Ruislip Manor,Eastcote,Piccadilly,33084.614445341074
Ruislip Manor,Ruislip,Metropolitan,129693.08659963775
Ruislip Manor,Ruislip,Piccadilly,32155.566949444004
Russell Square,Holborn,Piccadilly,936907.6220685928
Russell Square,King's Cross St. Pancras,Piccadilly,823993.0911917543
Seven Sisters,Finsbury Park LU,Victoria,1127082.5164805
Seven Sisters,Tottenham Hale LU,Victoria,704035.4774538613
Shepherd's Bush LU,Holland Park,Central,732074.1870172924
Shepherd's Bush LU,White City,Central,554795.1476086909
Shepherd's Bush Market,Goldhawk Road,H&C and Circle,198274.72779643608
Shepherd's Bush Market,Wood Lane,H&C and Circle,251105.15227776836
Sloane Square,South Kensington,District,1177016.119943935
Sloane Square,South Kensington,H&C and Circle,248573.2201802005
Sloane Square,Victoria LU,District,1335833.3802345248
Sloane Square,Victoria LU,H&C and Circle,344782.3346323522
Snaresbrook,Leytonstone,Central,405093.1127377562
Snaresbrook,South Woodford,Central,371538.1934681042
South Ealing,Acton Town,Piccadilly,509843.4364946707
South Ealing,Northfields,Piccadilly,457628.8211000127
South Harrow,Rayners Lane,Piccadilly,77290.95965315706
South Harrow,Sudbury Hill,Piccadilly,110310.22758692208
South Kensington,Gloucester Road,District,1025567.5158987332
South Kensington,Gloucester Road,H&C and Circle,214342.49543835304
South Kensington,Gloucester Road,Piccadilly,928541.5173400748
South Kensington,Knightsbridge,Piccadilly,951073.5516414568
South Kensington,Sloane Square,District,1256336.2131030203
South Kensington,Sloane Square,H&C and Circle,329296.816512439
South Kenton,Kenton,Bakerloo,30207.669898623742
South Kenton,North Wembley,Bakerloo,46928.15189832037
South Ruislip,Northolt,Central,65359.28622355152
South Ruislip,Ruislip Gardens,Central,35876.793753201164
South Wimbledon,Colliers Wood,Northern,260008.91383950145
South Wimbledon,Morden,Northern,177276.7688957292
South Woodford,Snaresbrook,Central,374154.2039283271
South Woodford,Woodford,Central,298834.2410521364
Southfields,East Putney,District,354972.88258412096
Southfields,Wimbledon Park,District,317119.28902461124
Southgate,Arnos Grove,Piccadilly,156726.59112859267
Southgate,Oakwood,Piccadilly,82200.0509370421
Southwark,London Bridge LU,Jubilee,1748438.8536462658
Southwark,Waterloo LU,Jubilee,1737237.232201141
St. James's Park,Victoria LU,District,1026033.8137439794
St. James's Park,Victoria LU,H&C and Circle,234427.03681330863
St. James's Park,Westminster,District,1088142.426994492
St. James's Park,Westminster,H&C and Circle,264694.3089982531
St. John's Wood,Baker Street,Jubilee,985793.3505625264
St. John's Wood,Swiss Cottage,Jubilee,807794.7839544462
St. Paul's,Bank and Monument,Central,1445884.5363232405
St. Paul's,Chancery Lane,Central,1520125.276238961
Stamford Brook,Ravenscourt Park,District,402858.9970126129
Stamford Brook,Turnham Green,District,359905.8630962568
Stanmore,Canons Park,Jubilee,65844.64906598872
Stepney Green,Mile End,District,558962.9482212227
Stepney Green,Mile End,H&C and Circle,183351.878837632
Stepney Green,Whitechapel,District,577012.0973881043
Stepney Green,Whitechapel,H&C and Circle,197707.61075440215
Stockwell,Brixton LU,Victoria,443392.87710797566
Stockwell,Clapham North,Northern,1066479.8049494969
Stockwell,Oval,Northern,908904.7308126038
Stockwell,Vauxhall LU,Victoria,816753.3827140338
Stonebridge Park,Harlesden,Bakerloo,96661.45667054637
Stonebridge Park,Wembley Central,Bakerloo,64566.65111851707
Stratford,Leyton,Central,988095.4412379626
Stratford,Mile End,Central,1148056.318586688
Stratford,West Ham,Jubilee,696790.138112755
Sudbury Hill,South Harrow,Piccadilly,108561.2502869416
Sudbury Hill,Sudbury Town,Piccadilly,129324.8782044615
Sudbury Town,Alperton,Piccadilly,152467.20757334074
Sudbury Town,Sudbury Hill,Piccadilly,127827.5988298728
Swiss Cottage,Finchley Road,Jubilee,741722.8639820174
Swiss Cottage,St. John's Wood,Jubilee,911432.3294792032
Temple,Blackfriars LU,District,928758.2359428403
Temple,Blackfriars LU,H&C and Circle,203768.82253384293
Temple,Embankment,District,933593.0914396504
Temple,Embankment,H&C and Circle,206292.163689545
Theydon Bois,Debden,Central,88508.84853458838
Theydon Bois,Epping,Central,74314.30852456196
Tooting Bec,Balham LU,Northern,691240.0023107535
Tooting Bec,Tooting Broadway,Northern,554478.555178278
Tooting Broadway,Colliers Wood,Northern,347157.0371980814
Tooting Broadway,Tooting Bec,Northern,583387.1307255807
Tottenham Court Road,Goodge Street,Northern,1006724.4859613124
Tottenham Court Road,Holborn,Central,1345405.168578989
Tottenham Court Road,Leicester Square,Northern,1092497.1073356646
Tottenham Court Road,Oxford Circus,Central,1296895.237314032
Tottenham Hale LU,Blackhorse Road,Victoria,472095.2082087259
Tottenham Hale LU,Seven Sisters,Victoria,747050.0065238851
Totteridge & Whetstone,High Barnet,Northern,67516.22610784527
Totteridge & Whetstone,Woodside Park,Northern,113658.64496225046
Tower Hill,Aldgate,H&C and Circle,142860.90333618718
Tower Hill,Aldgate East,District,651531.4816154372
Tower Hill,Bank and Monument,District,765718.0230387264
Tower Hill,Bank and Monument,H&C and Circle,152491.18109610272
Tufnell Park,Archway,Northern,648855.9257518142
Tufnell Park,Kentish Town,Northern,716466.9494360904
Turnham Green,Acton Town,Piccadilly,673838.3792310625
Turnham Green,Chiswick Park,District,112143.7620998875
Turnham Green,Gunnersbury,District,211654.92589012836
Turnham Green,Hammersmith (DIS),Piccadilly,696328.513254107
Turnham Green,Stamford Brook,District,374166.28014081833
Turnpike Lane,Manor House,Piccadilly,621278.1668273401
Turnpike Lane,Wood Green,Piccadilly,455589.6114963205
Upminster,Upminster Bridge,District,32632.030985757385
Upminster Bridge,Hornchurch,District,44677.18781015361
Upminster Bridge,Upminster,District,36444.80149180458
Upney,Barking,District,340000.8320656996
Upney,Becontree,District,295709.0255881595
Upton Park,East Ham,District,528264.1297485396
Upton Park,East Ham,H&C and Circle,117386.13425118738
Upton Park,Plaistow,District,614898.4948202836
Upton Park,Plaistow,H&C and Circle,170614.195847217
Uxbridge,Hillingdon,Metropolitan,93863.22576779465
Uxbridge,Hillingdon,Piccadilly,22149.054489655395
Vauxhall LU,Pimlico,Victoria,1149944.6881502368
Vauxhall LU,Stockwell,Victoria,781018.2403346922
Victoria LU,Green Park,Victoria,2057719.8024124303
Victoria LU,Pimlico,Victoria,1207466.1805520975
Victoria LU,Sloane Square,District,1246142.8734774224
Victoria LU,Sloane Square,H&C and Circle,268819.16706940846
Victoria LU,St. James's Park,District,1072461.7488247857
Victoria LU,St. James's Park,H&C and Circle,269278.3921870155
Walthamstow Central,Blackhorse Road,Victoria,303902.39548646234
Wanstead,Leytonstone,Central,359833.48292478465
Wanstead,Redbridge,Central,304519.9173459774
Warren Street,Euston LU,Northern,946064.7791957292
Warren Street,Euston LU,Victoria,2066862.0046206107
Warren Street,Goodge Street,Northern,1047635.9655947709
Warren Street,Oxford Circus,Victoria,2059227.0140050151
Warwick Avenue,Maida Vale,Bakerloo,309905.4008038374
Warwick Avenue,Paddington TfL,Bakerloo,402153.019755972
Waterloo LU,Bank and Monument,Waterloo & City,162715.1543176817
Waterloo LU,Embankment,Bakerloo,504637.281686528
Waterloo LU,Embankment,Northern,899186.9028053677
Waterloo LU,Kennington (Charing Cross),Northern,557835.3792725172
Waterloo LU,Lambeth North,Bakerloo,172413.99431714954
Waterloo LU,Southwark,Jubilee,1775826.7854516823
Waterloo LU,Westminster,Jubilee,1451473.1600610688
Watford,Croxley,Metropolitan,34484.89985445213
Wembley Central,North Wembley,Bakerloo,41535.81986458944
Wembley Central,Stonebridge Park,Bakerloo,73422.16706557674
Wembley Park,Finchley Road,Metropolitan,737946.7730316918
Wembley Park,Kingsbury,Jubilee,230213.0526267957
Wembley Park,Neasden,Jubilee,308294.0590145836
Wembley Park,Preston Road,Metropolitan,585026.1337591156
West Acton,Ealing Broadway,Central,139181.4428322369
West Acton,North Acton,Central,164730.3312780685
West Brompton,Earl's Court,District,757945.0778237126
West Brompton,Fulham Broadway,District,693231.9617171696
West Finchley,Finchley Central,Northern,190288.0208327025
West Finchley,Woodside Park,Northern,199372.5039987402
West Ham,Bromley-by-Bow,District,550919.2516306257
West Ham,Bromley-by-Bow,H&C and Circle,174101.5780782763
West Ham,Canning Town,Jubilee,889635.0942914813
West Ham,Plaistow,District,655280.2827953782
West Ham,Plaistow,H&C and Circle,172131.33340596594
West Ham,Stratford,Jubilee,755196.2663065719
West Hampstead LU,Finchley Road,Jubilee,642751.1236745899
West Hampstead LU,Kilburn,Jubilee,497020.4945076029
West Harrow,Harrow-on-the-Hill,Metropolitan,228733.69715375637
West Harrow,Rayners Lane,Metropolitan,209216.61046965537
West Kensington,Barons Court,District,442825.9116038484
West Kensington,Earl's Court,District,578042.9081442361
West Ruislip,Ruislip Gardens,Central,23499.08621656818
Westbourne Park,Ladbroke Grove,H&C and Circle,361383.4628487747
Westbourne Park,Royal Oak,H&C and Circle,410732.6656996874
Westminster,Embankment,District,926503.7448803058
Westminster,Embankment,H&C and Circle,217177.6786006628
Westminster,Green Park,Jubilee,1369672.142661565
Westminster,St. James's Park,District,1043005.3745824272
Westminster,St. James's Park,H&C and Circle,236507.28300956136
Westminster,Waterloo LU,Jubilee,1454195.8342513638
White City,East Acton,Central,497396.6680450882
White City,Shepherd's Bush LU,Central,581501.9962256366
Whitechapel,Aldgate East,District,558824.38025454
Whitechapel,Aldgate East,H&C and Circle,192997.78607043275
Whitechapel,Stepney Green,District,580134.1612420644
Whitechapel,Stepney Green,H&C and Circle,194192.22578650055
Willesden Green,Dollis Hill,Jubilee,341538.2657498865
Willesden Green,Kilburn,Jubilee,471087.1904550458
Willesden Junction,Harlesden,Bakerloo,100545.978641341
Willesden Junction,Kensal Green,Bakerloo,122291.01818950356
Wimbledon,Wimbledon Park,District,285774.9782520372
Wimbledon Park,Southfields,District,298105.4422673766
Wimbledon Park,Wimbledon,District,305950.19287768553
Wood Green,Bounds Green,Piccadilly,296790.63313002733
Wood Green,Turnpike Lane,Piccadilly,469159.51008332736
Wood Lane,Latimer Road,H&C and Circle,290153.58246742934
Wood Lane,Shepherd's Bush Market,H&C and Circle,235604.9733323974
Woodford,Buckhurst Hill,Central,203693.43997381936
Woodford,Roding Valley,Central,18897.78122902936
Woodford,South Woodford,Central,303081.2260242332
Woodside Park,Totteridge & Whetstone,Northern,106883.542134301
Woodside Park,West Finchley,Northern,165612.93987977313
